<metadata xml:lang="en"><Esri><CreaDate>20180627</CreaDate><CreaTime>16314400</CreaTime><ArcGISFormat>1.0</ArcGISFormat><SyncOnce>TRUE</SyncOnce><ModDate>20180919</ModDate><ModTime>15555900</ModTime><scaleRange><minScale>150000000</minScale><maxScale>5000</maxScale></scaleRange><ArcGISProfile>ItemDescription</ArcGISProfile></Esri><tool name="DescribeGIS" displayname="DescribeGIS" toolboxalias="" xmlns=""><arcToolboxHelpPath>c:\program files (x86)\arcgis\desktop10.6\Help\gp</arcToolboxHelpPath><parameters><param name="startpath" displayname="Input Path" type="Required" direction="Input" datatype="String" expression="startpath"><dialogReference>&lt;DIV STYLE="text-align:Left;"&gt;&lt;DIV&gt;&lt;P&gt;&lt;SPAN&gt;Please enter the full path to either a folder or to an sde. For example C:\GIS or C:\sdeconnection.sde.&lt;/SPAN&gt;&lt;/P&gt;&lt;/DIV&gt;&lt;/DIV&gt;</dialogReference></param><param name="output_path" displayname="Output File" type="Required" direction="Input" datatype="String" expression="output_path"><dialogReference>&lt;DIV STYLE="text-align:Left;"&gt;&lt;DIV&gt;&lt;P&gt;&lt;SPAN&gt;Please provide the full patth to a file on your desktop. For example C:\users\username\Desktop\acsv.csv&lt;/SPAN&gt;&lt;/P&gt;&lt;/DIV&gt;&lt;/DIV&gt;</dialogReference></param></parameters><usage>&lt;DIV STYLE="text-align:Left;"&gt;&lt;DIV&gt;&lt;P&gt;&lt;SPAN&gt;To use please pass in either the path to a folder, or the path to an sde file. Then click run.&lt;/SPAN&gt;&lt;/P&gt;&lt;/DIV&gt;&lt;/DIV&gt;</usage></tool><dataIdInfo><idCitation><resTitle>DescribeGIS</resTitle></idCitation><searchKeys><keyword>Describe</keyword><keyword>GDA2020</keyword><keyword>Data</keyword></searchKeys></dataIdInfo><distInfo><distributor><distorFormat><formatName>ArcToolbox Tool</formatName></distorFormat></distributor></distInfo><mdHrLv><ScopeCd value="005"></ScopeCd></mdHrLv></metadata>
